class,level,recipe,window_seconds,learned_ranks,committed_skills,cast_timeline,charges_started,pending_charge,energy_spent,energy_restored_actual,energy_remaining,basic_hits,basic_A,skill_A,reaction_A,poison_A,pet_A,total_A,max_pets,pet_commands,pending_skill_A
Vanguard,20,cleave_field,5.000,3/2/2/2/2/2/1/1/1/0,4,0@0.000;1@0.200;2@0.400;0@4.400,0,0,78.000,76.400,98.400,11,11.000,18.590,0.000,0.000,0.000,29.590,0,0,0.000
Vanguard,20,cleave_field,10.000,3/2/2/2/2/2/1/1/1/0,6,0@0.000;1@0.200;2@0.400;0@4.400;1@8.600;0@8.800,0,0,110.000,107.600,97.600,22,22.000,27.500,0.000,0.000,0.000,49.500,0,0,0.000
Vanguard,20,ultimate_field,5.000,3/2/2/2/2/2/1/1/1/0,4,2@0.000;0@0.200;1@0.400;0@4.600,0,0,78.000,75.600,97.600,11,11.000,18.590,0.000,0.000,0.000,29.590,0,0,0.000
Vanguard,20,ultimate_field,10.000,3/2/2/2/2/2/1/1/1/0,6,2@0.000;0@0.200;1@0.400;0@4.600;1@8.800;0@9.000,0,0,110.000,98.800,88.800,22,22.000,27.500,0.000,0.000,0.000,49.500,0,0,0.000
Vanguard,50,cleave_field,5.000,3/3/3/3/3/3/3/3/3/3,4,0@0.000;1@0.200;2@0.400;0@4.400,0,0,78.000,76.400,98.400,11,11.000,21.760,0.000,0.000,0.000,32.760,0,0,0.000
Vanguard,50,cleave_field,10.000,3/3/3/3/3/3/3/3/3/3,6,0@0.000;1@0.200;2@0.400;0@4.400;1@8.000;0@8.800,0,0,110.000,110.000,100.000,22,22.000,32.240,0.000,0.000,0.000,54.240,0,0,0.000
Vanguard,50,ultimate_field,5.000,3/3/3/3/3/3/3/3/3/3,4,9@0.900;2@0.910;0@1.510;1@2.310,1,0,130.000,88.400,58.400,9,9.000,26.288,0.000,0.000,0.000,35.288,0,0,1.690
Vanguard,50,ultimate_field,10.000,3/3/3/3/3/3/3/3/3/3,5,9@0.900;2@0.910;0@1.510;1@2.310;0@5.910,1,0,142.000,142.000,100.000,20,20.000,32.858,0.000,0.000,0.000,52.858,0,0,0.000
Vanguard,100,cleave_field,5.000,3/3/3/3/3/3/3/3/3/3,4,0@0.000;1@0.200;2@0.400;0@4.400,0,0,78.000,76.400,98.400,11,11.000,21.760,0.000,0.000,0.000,32.760,0,0,0.000
Vanguard,100,cleave_field,10.000,3/3/3/3/3/3/3/3/3/3,6,0@0.000;1@0.200;2@0.400;0@4.400;1@8.000;0@8.800,0,0,110.000,110.000,100.000,22,22.000,32.240,0.000,0.000,0.000,54.240,0,0,0.000
Vanguard,100,ultimate_field,5.000,3/3/3/3/3/3/3/3/3/3,4,9@0.900;2@0.910;0@1.510;1@2.310,1,0,130.000,88.400,58.400,9,9.000,26.288,0.000,0.000,0.000,35.288,0,0,1.690
Vanguard,100,ultimate_field,10.000,3/3/3/3/3/3/3/3/3/3,5,9@0.900;2@0.910;0@1.510;1@2.310;0@5.910,1,0,142.000,142.000,100.000,20,20.000,32.858,0.000,0.000,0.000,52.858,0,0,0.000
Arcanist,20,frost_meteor,5.000,3/2/2/2/2/2/1/1/1/0,3,0@0.000;1@0.750;2@0.760,1,0,84.000,84.000,100.000,10,11.500,14.500,1.690,0.000,0.000,27.690,0,0,0.520
Arcanist,20,frost_meteor,10.000,3/2/2/2/2/2/1/1/1/0,4,0@0.000;1@0.750;2@0.760;0@8.760,1,0,102.000,102.000,100.000,19,21.850,20.420,1.690,0.000,0.000,43.960,0,0,0.000
Arcanist,20,ultimate_field,5.000,3/2/2/2/2/2/1/1/1/0,3,2@0.000;0@0.200;1@0.950,1,0,84.000,84.000,100.000,9,10.350,15.020,1.690,0.000,0.000,27.060,0,0,0.000
Arcanist,20,ultimate_field,10.000,3/2/2/2/2/2/1/1/1/0,4,2@0.000;0@0.200;1@0.950;0@8.960,1,0,102.000,102.000,100.000,19,21.850,20.420,1.690,0.000,0.000,43.960,0,0,0.000
Arcanist,50,frost_meteor,5.000,3/3/3/3/3/3/3/3/3/3,3,0@0.000;1@0.750;2@0.760,1,0,84.000,84.000,100.000,10,11.500,17.408,2.080,0.000,0.000,30.988,0,0,1.832
Arcanist,50,frost_meteor,10.000,3/3/3/3/3/3/3/3/3/3,4,0@0.000;1@0.750;2@0.760;0@8.760,1,0,102.000,102.000,100.000,19,21.850,24.640,2.080,0.000,0.000,48.570,0,0,0.000
Arcanist,50,ultimate_field,5.000,3/3/3/3/3/3/3/3/3/3,4,9@1.100;0@1.110;1@2.260;2@3.870,2,0,152.000,79.600,27.600,8,9.200,22.274,2.080,0.000,0.000,33.554,0,0,8.448
Arcanist,50,ultimate_field,10.000,3/3/3/3/3/3/3/3/3/3,5,9@1.100;0@1.110;1@2.260;2@3.870;0@9.870,2,0,170.000,152.521,82.520,17,19.550,34.922,2.080,0.000,0.000,56.552,0,0,1.200
Arcanist,100,frost_meteor,5.000,3/3/3/3/3/3/3/3/3/3,3,0@0.000;1@0.750;2@0.760,1,0,84.000,84.000,100.000,10,11.500,17.408,2.080,0.000,0.000,30.988,0,0,1.832
Arcanist,100,frost_meteor,10.000,3/3/3/3/3/3/3/3/3/3,4,0@0.000;1@0.750;2@0.760;0@8.760,1,0,102.000,102.000,100.000,19,21.850,24.640,2.080,0.000,0.000,48.570,0,0,0.000
Arcanist,100,ultimate_field,5.000,3/3/3/3/3/3/3/3/3/3,4,9@1.100;0@1.110;1@2.260;2@3.870,2,0,152.000,79.600,27.600,8,9.200,22.274,2.080,0.000,0.000,33.554,0,0,8.448
Arcanist,100,ultimate_field,10.000,3/3/3/3/3/3/3/3/3/3,5,9@1.100;0@1.110;1@2.260;2@3.870;0@9.870,2,0,170.000,152.521,82.520,17,19.550,34.922,2.080,0.000,0.000,56.552,0,0,1.200
Ranger,20,poison_fan,5.000,3/2/2/2/2/2/1/1/1/0,3,2@0.000;1@0.200;0@0.800,0,0,68.000,68.000,100.000,15,11.700,13.998,1.260,2.520,0.000,29.478,0,0,0.415
Ranger,20,poison_fan,10.000,3/2/2/2/2/2/1/1/1/0,4,2@0.000;1@0.200;0@0.800;0@6.000,0,0,82.000,82.000,100.000,30,23.400,20.241,2.520,5.040,0.000,51.201,0,0,0.000
Ranger,20,rain_poison,5.000,3/2/2/2/2/2/1/1/1/0,3,2@0.000;1@0.200;0@0.800,0,0,68.000,68.000,100.000,15,11.700,13.998,1.260,2.520,0.000,29.478,0,0,0.415
Ranger,20,rain_poison,10.000,3/2/2/2/2/2/1/1/1/0,4,2@0.000;1@0.200;0@0.800;0@6.000,0,0,82.000,82.000,100.000,30,23.400,20.241,2.520,5.040,0.000,51.201,0,0,0.000
Ranger,50,poison_fan,5.000,3/3/3/3/3/3/3/3/3/3,3,2@0.000;1@0.200;0@0.800,0,0,68.000,68.000,100.000,15,11.700,13.948,1.260,2.520,0.000,29.428,0,0,3.000
Ranger,50,poison_fan,10.000,3/3/3/3/3/3/3/3/3/3,4,2@0.000;1@0.200;0@0.800;0@6.000,0,0,82.000,82.000,100.000,30,23.400,22.776,2.520,5.040,0.000,53.736,0,0,0.000
Ranger,50,rain_poison,5.000,3/3/3/3/3/3/3/3/3/3,4,9@0.750;2@0.760;1@1.360;0@1.960,1,0,132.000,121.000,89.000,13,10.140,27.226,1.260,1.680,0.000,40.306,0,0,3.700
Ranger,50,rain_poison,10.000,3/3/3/3/3/3/3/3/3/3,5,9@0.750;2@0.760;1@1.360;0@1.960;0@7.160,1,0,146.000,146.001,100.000,28,21.840,36.754,2.520,4.200,0.000,65.314,0,0,0.000
Ranger,100,poison_fan,5.000,3/3/3/3/3/3/3/3/3/3,3,2@0.000;1@0.200;0@0.800,0,0,68.000,68.000,100.000,15,11.700,13.948,1.260,2.520,0.000,29.428,0,0,3.000
Ranger,100,poison_fan,10.000,3/3/3/3/3/3/3/3/3/3,4,2@0.000;1@0.200;0@0.800;0@6.000,0,0,82.000,82.000,100.000,30,23.400,22.776,2.520,5.040,0.000,53.736,0,0,0.000
Ranger,100,rain_poison,5.000,3/3/3/3/3/3/3/3/3/3,4,9@0.750;2@0.760;1@1.360;0@1.960,1,0,132.000,121.000,89.000,13,10.140,27.226,1.260,1.680,0.000,40.306,0,0,3.700
Ranger,100,rain_poison,10.000,3/3/3/3/3/3/3/3/3/3,5,9@0.750;2@0.760;1@1.360;0@1.960;0@7.160,1,0,146.000,146.001,100.000,28,21.840,36.754,2.520,4.200,0.000,65.314,0,0,0.000
Summoner,20,bonded_commands,5.000,3/2/2/2/2/2/1/1/1/0,4,2@0.000;4@0.600;1@0.610;0@0.810,1,0,102.000,100.001,98.000,10,11.500,5.220,0.000,1.092,13.480,31.292,2,2,0.780
Summoner,20,bonded_commands,10.000,3/2/2/2/2/2/1/1/1/0,5,2@0.000;4@0.600;1@0.610;0@0.810;0@7.010,1,0,118.000,118.000,100.000,20,23.000,8.880,0.000,2.730,22.294,56.904,2,2,0.000
Summoner,20,treant_mark,5.000,3/2/2/2/2/2/1/1/1/0,5,7@0.000;2@0.200;4@0.800;0@1.010;1@2.410,1,0,142.000,100.001,58.000,10,11.500,8.840,0.000,0.624,13.480,34.444,2,2,1.560
Summoner,20,treant_mark,10.000,3/2/2/2/2/2/1/1/1/0,6,7@0.000;2@0.200;4@0.800;0@1.010;1@2.410;0@7.210,1,0,158.000,158.001,100.000,19,21.850,13.280,0.000,2.028,22.294,59.452,2,2,0.000
Summoner,50,bonded_commands,5.000,3/3/3/3/3/3/3/3/3/3,4,2@0.000;4@0.600;1@0.610;0@0.810,1,0,102.000,100.001,98.000,10,11.500,5.760,0.000,1.344,17.441,36.045,2,2,1.440
Summoner,50,bonded_commands,10.000,3/3/3/3/3/3/3/3/3/3,5,2@0.000;4@0.600;1@0.610;0@0.810;0@7.010,1,0,118.000,118.000,100.000,20,23.000,10.080,0.000,3.360,28.289,64.729,2,2,0.000
Summoner,50,treant_mark,5.000,3/3/3/3/3/3/3/3/3/3,5,9@1.100;2@1.110;0@1.710;4@3.710;1@4.920,2,0,172.000,79.600,7.600,8,9.200,2.880,0.000,0.000,21.695,33.775,3,3,4.320
Summoner,50,treant_mark,10.000,3/3/3/3/3/3/3/3/3/3,7,9@1.100;2@1.110;0@1.710;4@3.710;1@4.920;7@6.920;0@7.920,2,0,228.000,179.602,51.601,18,20.700,16.160,0.000,1.632,40.137,78.629,3,3,0.960
Summoner,100,bonded_commands,5.000,3/3/3/3/3/3/3/3/3/3,4,2@0.000;4@0.600;1@0.610;0@0.810,1,0,102.000,100.001,98.000,10,11.500,5.760,0.000,1.344,17.441,36.045,2,2,1.440
Summoner,100,bonded_commands,10.000,3/3/3/3/3/3/3/3/3/3,5,2@0.000;4@0.600;1@0.610;0@0.810;0@7.010,1,0,118.000,118.000,100.000,20,23.000,10.080,0.000,3.360,28.289,64.729,2,2,0.000
Summoner,100,treant_mark,5.000,3/3/3/3/3/3/3/3/3/3,5,9@1.100;2@1.110;0@1.710;4@3.710;1@4.920,2,0,172.000,79.600,7.600,8,9.200,2.880,0.000,0.000,21.695,33.775,3,3,4.320
Summoner,100,treant_mark,10.000,3/3/3/3/3/3/3/3/3/3,7,9@1.100;2@1.110;0@1.710;4@3.710;1@4.920;7@6.920;0@7.920,2,0,228.000,179.602,51.601,18,20.700,16.160,0.000,1.632,40.137,78.629,3,3,0.960
