Level,Build,Tier,Attack,Armor,Health,ArmorDRPercent,BossHP,BossBaseHitPercent,BossSlamPercent,ProxySecondsAt2A,NonCriticalUltimateR3Fraction
20,Common+0,1,175.56,64.60,706.00,33.20,12550.00,18.45,25.83,35.74,n/a
20,Common+0,3,175.56,64.60,706.00,33.20,12777.66,18.97,26.56,36.39,n/a
20,Common+0,13,175.56,64.60,706.00,33.20,13968.65,21.76,30.47,39.78,n/a
20,Epic+5,1,286.14,98.60,902.00,43.13,12550.00,12.29,17.21,21.93,n/a
20,Epic+5,3,286.14,98.60,902.00,43.13,12777.66,12.64,17.70,22.33,n/a
20,Epic+5,13,286.14,98.60,902.00,43.13,13968.65,14.50,20.30,24.41,n/a
20,Legendary+10/Fashion/100A35V34,1,456.03,150.77,1272.32,53.70,12550.00,7.10,9.93,13.76,n/a
20,Legendary+10/Fashion/100A35V34,3,456.03,150.77,1272.32,53.70,12777.66,7.30,10.22,14.01,n/a
20,Legendary+10/Fashion/100A35V34,13,456.03,150.77,1272.32,53.70,13968.65,8.37,11.72,15.32,n/a
50,Common+0,1,425.78,145.60,1516.00,36.80,30250.00,18.13,25.39,35.52,0.1562
50,Common+0,6,425.78,145.60,1516.00,36.80,31637.72,19.44,27.21,37.15,0.1494
50,Common+0,16,425.78,145.60,1516.00,36.80,34571.97,22.27,31.17,40.60,0.1367
50,Epic+5,1,705.16,223.60,1974.00,47.21,30250.00,11.63,16.29,21.45,0.2587
50,Epic+5,6,705.16,223.60,1974.00,47.21,31637.72,12.47,17.46,22.43,0.2473
50,Epic+5,16,705.16,223.60,1974.00,47.21,34571.97,14.28,20.00,24.51,0.2264
50,Legendary+10/Fashion/100A35V34,1,1130.33,345.17,2825.76,58.00,30250.00,6.47,9.05,13.38,0.4147
50,Legendary+10/Fashion/100A35V34,6,1130.33,345.17,2825.76,58.00,31637.72,6.93,9.70,13.99,0.3965
50,Legendary+10/Fashion/100A35V34,16,1130.33,345.17,2825.76,58.00,34571.97,7.94,11.12,15.29,0.3628
100,Common+0,1,822.28,275.60,2866.00,37.98,59750.00,18.07,25.30,36.33,0.1527
100,Common+0,11,822.28,275.60,2866.00,37.98,65336.62,20.74,29.04,39.73,0.1397
100,Common+0,21,822.28,275.60,2866.00,37.98,71341.50,23.71,33.19,43.38,0.1279
100,Common+0,100,822.28,275.60,2866.00,37.98,133483.59,57.28,80.19,81.17,0.0684
100,Epic+5,1,1367.62,428.60,3762.00,48.78,59750.00,11.37,15.92,21.84,0.2540
100,Epic+5,11,1367.62,428.60,3762.00,48.78,65336.62,13.05,18.27,23.89,0.2323
100,Epic+5,21,1367.62,428.60,3762.00,48.78,71341.50,14.91,20.88,26.08,0.2127
100,Epic+5,100,1367.62,428.60,3762.00,48.78,133483.59,36.04,50.45,48.80,0.1137
100,Legendary+10/Fashion/100A35V34,1,2434.84,663.77,6337.09,59.60,59750.00,5.32,7.45,12.27,0.4522
100,Legendary+10/Fashion/100A35V34,11,2434.84,663.77,6337.09,59.60,65336.62,6.11,8.56,13.42,0.4136
100,Legendary+10/Fashion/100A35V34,21,2434.84,663.77,6337.09,59.60,71341.50,6.98,9.78,14.65,0.3788
100,Legendary+10/Fashion/100A35V34,100,2434.84,663.77,6337.09,59.60,133483.59,16.88,23.63,27.41,0.2024
