tier,mode,current_guaranteed_materials,proposal_hold_base_3,delta,interpretation
1,HoldPoint,1,3,2,proposal_only_no_game_change
1,TimedBreakthrough,2,2,0,proposal_only_no_game_change
1,BossGauntlet,3,3,0,proposal_only_no_game_change
5,HoldPoint,2,4,2,proposal_only_no_game_change
5,TimedBreakthrough,3,3,0,proposal_only_no_game_change
5,BossGauntlet,4,4,0,proposal_only_no_game_change
10,HoldPoint,3,5,2,proposal_only_no_game_change
10,TimedBreakthrough,4,4,0,proposal_only_no_game_change
10,BossGauntlet,5,5,0,proposal_only_no_game_change
20,HoldPoint,4,6,2,proposal_only_no_game_change
20,TimedBreakthrough,5,5,0,proposal_only_no_game_change
20,BossGauntlet,6,6,0,proposal_only_no_game_change
40,HoldPoint,5,7,2,proposal_only_no_game_change
40,TimedBreakthrough,6,6,0,proposal_only_no_game_change
40,BossGauntlet,7,7,0,proposal_only_no_game_change
100,HoldPoint,5,7,2,proposal_only_no_game_change
100,TimedBreakthrough,6,6,0,proposal_only_no_game_change
100,BossGauntlet,7,7,0,proposal_only_no_game_change
